Run_id,Seed,Size,Diversity,Avg_Diversity_per_bin,Empty_bin_ratio,Low_count_bin_ratio,Avg_number_diff_units,Avg_edit_distance,Quality
bin_filler_5_trial498,0,1.0,0.9997,0.9593,0.0,1.0,3.8621,10.2262,0.991789643747852
bin_filler_3_trial466,0,1.0,0.9998,0.9567,0.0,1.0,3.7876,10.4683,0.9912720964402957
bin_filler_2_trial461,0,1.0,0.9995,0.954,0.0,1.0,3.6526,10.4372,0.9906608664283583
bin_filler_4_trial484,0,1.0,0.9977,0.9552,0.0,1.0,3.9692,11.6964,0.9903500545587118
bin_filler_1_trial428,0,1.0,0.9998,0.9504,0.0,1.0,3.5042,9.2752,0.9900406461936493
bin_filler_3_trial466,4,1.0,0.9988,0.9511,0.0,1.0,4.3213,12.1312,0.9898661641786568
bin_filler_1_trial428,4,1.0,0.9998,0.9491,0.0,1.0,3.892,10.9157,0.9897736759130498
bin_filler_2_trial461,3,1.0,0.9999,0.9413,0.0,1.0,4.0797,12.0545,0.9882163715889516
bin_filler_4_trial484,4,1.0,0.9958,0.9468,0.0,1.0,3.3666,9.3429,0.988083704363117
increase_archive_diversity_2_trial380,0,1.0,0.9976,0.9425,0.0,1.0,3.074,7.5052,0.9877747866921966
bin_filler_1_trial428,2,1.0,0.9983,0.9399,0.0,1.0,4.0086,11.1844,0.9874771034045478
bin_filler_5_trial498,2,1.0,0.9985,0.9394,0.0,1.0,4.3219,13.5872,0.9874344738211642
bin_filler_5_trial498,1,1.0,0.9983,0.9361,0.0,1.0,3.5815,11.48,0.9867131951003314
increase_archive_diversity_3_trial381,0,1.0,0.9963,0.938,0.0,1.0,3.1497,7.2168,0.9864767709579183
increase_archive_diversity_5_trial459,1,1.0,0.9945,0.9404,0.0,1.0,3.1859,8.4774,0.9864375040316062
bin_filler_1_trial428,3,1.0,0.9978,0.9329,0.0,1.0,3.7454,11.0293,0.9859108852292069
bin_filler_5_trial498,3,1.0,0.9957,0.9338,0.0,1.0,3.3189,9.2014,0.9854548456598862
bin_filler_1_trial428,1,1.0,0.9994,0.9279,0.0,1.0,3.5262,10.336,0.9854019363525379
increase_archive_diversity_5_trial459,0,1.0,0.9945,0.9309,0.0,1.0,2.8821,6.8224,0.9845321469516395
increase_archive_diversity_1_trial218,0,1.0,0.9975,0.9261,0.0,1.0,2.82,4.2995,0.9844823917894399
increase_archive_diversity_4_trial450,0,1.0,0.9926,0.9584,0.025,0.975,2.6819,7.4221,0.984465934363576
bin_filler_5_trial498,4,0.995,0.9931,0.9558,0.025,0.975,3.2131,9.2967,0.982589119890038
increase_archive_diversity_3_trial381,4,1.0,0.9909,0.9511,0.025,0.975,2.6067,6.2797,0.9824894150091632
bin_filler_4_trial484,1,1.0,0.995,0.9176,0.0,1.0,4.0896,11.3397,0.9820211577763527
increase_archive_diversity_3_trial381,1,1.0,0.9922,0.9447,0.025,0.975,2.8478,6.7888,0.9815791366960378
bin_filler_3_trial466,1,0.997,0.9931,0.9459,0.025,0.975,3.9161,11.0177,0.981207830225522
bin_filler_2_trial461,4,1.0,0.9939,0.9402,0.0,0.975,3.9998,12.187,0.981203636927521
increase_archive_diversity_4_trial450,3,1.0,0.9918,0.9431,0.025,0.975,3.451,9.4719,0.9811619181738152
increase_archive_diversity_2_trial380,1,1.0,0.9941,0.9132,0.0,1.0,3.0207,7.0215,0.9808857628640091
increase_archive_diversity_4_trial450,2,1.0,0.9904,0.9427,0.025,0.975,3.0874,7.5627,0.9806656074454896
increase_archive_diversity_3_trial381,2,1.0,0.9846,0.9613,0.05,0.95,2.8506,7.623,0.9776436295054056
increase_archive_diversity_5_trial459,3,1.0,0.9827,0.9637,0.05,0.95,2.8414,6.4878,0.9775524967376472
increase_archive_diversity_2_trial380,3,1.0,0.9887,0.9291,0.025,0.975,2.8421,6.9118,0.9774375253554133
bin_filler_2_trial461,2,0.9952,0.9931,0.9297,0.025,0.975,4.1787,12.8826,0.9774214948220765
increase_archive_diversity_5_trial459,2,0.9966,0.9909,0.926,0.025,0.975,3.0921,7.8601,0.9764300873307883
increase_archive_diversity_3_trial381,3,1.0,0.9915,0.9189,0.0,0.975,3.3254,9.3172,0.9762347382273631
increase_archive_diversity_2_trial380,2,0.982,0.9869,0.9295,0.025,0.975,3.2175,7.687,0.9715728139972051
increase_archive_diversity_4_trial450,4,0.9514,0.9974,0.9332,0.0,1.0,2.7625,7.0452,0.9712841331770634
bin_filler_4_trial484,2,0.9754,0.9861,0.943,0.05,0.95,4.0295,10.6738,0.9670323424395006
bin_filler_3_trial466,3,0.9698,0.9869,0.9452,0.025,0.95,3.7676,11.073,0.9660420866557786
increase_archive_diversity_1_trial218,3,1.0,0.9825,0.9053,0.025,0.95,3.1716,4.9634,0.9658015466967369
increase_archive_diversity_2_trial380,4,0.947,0.9915,0.9451,0.025,0.975,2.7314,6.4961,0.9655628886829277
bin_filler_2_trial461,1,0.9698,0.986,0.9338,0.05,0.95,4.087,12.159,0.9635191733060247
increase_archive_diversity_1_trial218,2,0.9038,0.992,0.9382,0.0,1.0,3.4364,5.2591,0.9563891537993383
bin_filler_4_trial484,3,0.9506,0.9792,0.9275,0.05,0.925,3.8938,11.2924,0.9494203703477295
bin_filler_3_trial466,2,0.9458,0.9795,0.8974,0.025,0.925,3.7849,11.2743,0.9420737881061984
increase_archive_diversity_5_trial459,4,0.8722,0.9911,0.9366,0.0,0.975,2.8748,7.0277,0.9413285154557194
increase_archive_diversity_4_trial450,1,0.8812,0.9725,0.923,0.075,0.925,3.0513,8.0994,0.9257150467827163
increase_archive_diversity_random_5_trial225,0,0.949,0.7817,0.8828,0.15,0.8,2.5203,6.0531,0.8557846044150043
increase_archive_diversity_random_2_trial132,0,0.9374,0.7944,0.8758,0.125,0.8,3.0804,7.5684,0.8546894110550125
increase_archive_diversity_random_1_trial123,0,0.9302,0.7908,0.9149,0.175,0.775,3.1047,7.6781,0.8542861470802691
increase_archive_diversity_random_2_trial132,1,0.9434,0.7881,0.899,0.15,0.775,3.089,7.5894,0.8542477153633391
increase_archive_diversity_random_4_trial168,0,0.9388,0.7816,0.8829,0.15,0.8,2.536,6.2241,0.8527182159476254
increase_archive_diversity_random_2_trial132,4,0.9218,0.795,0.8756,0.125,0.775,3.0677,7.5003,0.8451738987844196
increase_archive_diversity_random_1_trial123,2,0.9282,0.7916,0.8692,0.125,0.775,3.1282,7.7541,0.8447827926349847
increase_archive_diversity_random_3_trial138,0,0.9254,0.7765,0.8766,0.15,0.775,2.5241,6.1072,0.840882724183862
increase_archive_diversity_random_1_trial123,1,0.9166,0.788,0.8696,0.15,0.775,3.1106,7.6374,0.840302115178628
increase_archive_diversity_random_1_trial123,3,0.913,0.7839,0.8761,0.15,0.775,3.1012,7.6346,0.8392915371401248
increase_archive_diversity_random_2_trial132,3,0.9204,0.7841,0.8824,0.15,0.75,3.0665,7.5261,0.8378194442585465
increase_archive_diversity_1_trial218,4,0.5878,0.9756,0.8872,0.05,0.95,2.969,4.8772,0.8364421342232524
increase_archive_diversity_random_2_trial132,2,0.92,0.7945,0.8369,0.1,0.75,3.0772,7.6178,0.8317199356348617
increase_archive_diversity_random_1_trial123,4,0.9016,0.787,0.8704,0.15,0.75,3.0856,7.5743,0.8306683959899567
increase_archive_diversity_random_4_trial168,1,0.8822,0.7773,0.8858,0.15,0.775,2.5532,6.2421,0.8300011161108231
increase_archive_diversity_random_3_trial138,3,0.9144,0.7593,0.87,0.175,0.75,2.5243,6.1078,0.8261118946382496
increase_archive_diversity_random_3_trial138,2,0.8994,0.7785,0.8532,0.125,0.75,2.5228,6.1194,0.8240078816643305
increase_archive_diversity_random_5_trial225,4,0.9,0.7781,0.8509,0.125,0.75,2.5269,6.0353,0.8236039029494875
increase_archive_diversity_random_5_trial225,2,0.8884,0.7806,0.8495,0.125,0.75,2.5439,6.1382,0.8206049883760516
increase_archive_diversity_random_5_trial225,1,0.8936,0.7719,0.8753,0.15,0.725,2.5396,6.0848,0.8197117039033004
increase_archive_diversity_random_3_trial138,4,0.8916,0.7813,0.8357,0.1,0.725,2.5262,6.1283,0.8140176309155107
increase_archive_diversity_random_3_trial138,1,0.8738,0.7752,0.8602,0.15,0.725,2.5189,6.0883,0.8117301520204154
increase_archive_diversity_random_5_trial225,3,0.8694,0.7704,0.8306,0.15,0.75,2.5107,5.9936,0.8080741331134368
increase_archive_diversity_random_4_trial168,3,0.8622,0.7635,0.8628,0.175,0.725,2.5331,6.1791,0.805268174750819
increase_archive_diversity_random_4_trial168,2,0.867,0.7727,0.8352,0.125,0.725,2.5442,6.2358,0.8039560111176195
increase_archive_diversity_random_4_trial168,4,0.8548,0.7719,0.8456,0.125,0.725,2.5412,6.2218,0.802138345296644
increase_archive_diversity_1_trial218,1,0.4782,0.9533,0.9134,0.075,0.9,2.3476,3.7963,0.7921204347354541
bin_filler_random_5_trial447,4,0.5432,0.9037,0.912,0.125,0.825,3.9175,11.4149,0.7814888536639898
bin_filler_random_5_trial447,0,0.546,0.9008,0.912,0.125,0.825,3.9,11.3934,0.781433594728533
bin_filler_random_1_trial289,1,0.54,0.9004,0.9101,0.125,0.825,3.9193,11.7015,0.7791223133011497
bin_filler_random_4_trial312,0,0.5424,0.8999,0.9057,0.125,0.825,3.8842,11.6173,0.7788148440632212
bin_filler_random_2_trial290,0,0.5424,0.8999,0.9057,0.125,0.825,3.8842,11.6173,0.7788148440632212
bin_filler_random_5_trial447,3,0.5426,0.8986,0.9059,0.1,0.825,3.9337,11.5872,0.7785291121677557
bin_filler_random_1_trial289,4,0.5376,0.9013,0.905,0.125,0.825,3.9293,11.6332,0.777674060277066
bin_filler_random_2_trial290,4,0.5442,0.9039,0.8815,0.1,0.825,3.9519,11.7361,0.7757361653326384
bin_filler_random_4_trial312,4,0.5442,0.9039,0.8815,0.1,0.825,3.9519,11.7361,0.7757361653326384
bin_filler_random_1_trial289,0,0.5356,0.8976,0.9272,0.15,0.8,3.8962,11.5892,0.7754057288227056
bin_filler_random_3_trial298,4,0.544,0.9018,0.8829,0.1,0.825,3.9312,11.4085,0.7753131975008472
bin_filler_random_3_trial298,0,0.5402,0.8988,0.9108,0.125,0.8,3.9086,11.3114,0.7738727088112185
bin_filler_random_3_trial298,1,0.5372,0.8975,0.9098,0.125,0.8,3.9166,11.3917,0.7723651509562345
bin_filler_random_1_trial289,3,0.5286,0.8957,0.8944,0.1,0.825,3.9088,11.6727,0.7711624945672944
bin_filler_random_4_trial312,1,0.5306,0.8976,0.8723,0.1,0.825,3.9175,11.7098,0.7679091811769142
bin_filler_random_2_trial290,1,0.5306,0.8976,0.8723,0.1,0.825,3.9175,11.7098,0.7679091811769142
bin_filler_random_5_trial447,2,0.5302,0.8981,0.8591,0.075,0.825,3.9159,11.4504,0.7653084063411216
bin_filler_random_2_trial290,3,0.5294,0.8966,0.8798,0.1,0.8,3.8988,11.6441,0.7637405832320546
bin_filler_random_4_trial312,3,0.5294,0.8966,0.8798,0.1,0.8,3.8988,11.6441,0.7637405832320546
bin_filler_random_5_trial447,1,0.548,0.8998,0.8614,0.1,0.775,3.9259,11.5066,0.7616166685790666
bin_filler_random_2_trial290,2,0.5388,0.898,0.8516,0.075,0.8,3.9224,11.6893,0.7613701469017663
bin_filler_random_4_trial312,2,0.5388,0.898,0.8516,0.075,0.8,3.9224,11.6893,0.7613701469017663
bin_filler_random_1_trial289,2,0.529,0.8965,0.8572,0.075,0.8,3.9493,11.769,0.7591039879184002
bin_filler_random_3_trial298,3,0.5312,0.8951,0.8795,0.1,0.775,3.9062,11.3758,0.7587798126670768
bin_filler_random_3_trial298,2,0.526,0.8951,0.8523,0.075,0.8,3.9411,11.457,0.7567816018862995
